{"int":1,"spool_map":{"$":51,"+Inf":1,"0.000000":137,"1.000000":206,"10.000000":94,"10.148148":123,"10.232558":93,"10.301887":122,"10.461538":121,"10.476190":92,"10.627451":120,"10.731707":91,"10.800000":119,"10.979592":50,"100.000000":138,"1000.000000":147,"1050.000000":199,"11.000000":90,"11.166667":49,"11.282051":89,"11.361702":48,"11.565217":47,"11.578947":88,"11.777778":46,"11.891892":87,"110.000000":55,"1100.000000":148,"112.000000":5,"12.000000":45,"12.222222":86,"12.232558":44,"12.476190":43,"12.571429":85,"12.731707":42,"12.941176":84,"1200.000000":149,"1250.000000":192,"13.000000":41,"13.282051":40,"13.333333":83,"13.578947":39,"13.750000":82,"13.891892":38,"1300.000000":150,"1350.000000":204,"14.193548":81,"14.222222":37,"14.571429":36,"14.666667":80,"14.941176":35,"1400.000000":151,"146.666667":54,"148.666667":4,"15.172414":79,"15.333333":34,"15.714286":78,"15.750000":33,"150.000000":202,"1500.000000":152,"16.193548":32,"16.296296":77,"16.666667":31,"16.923077":76,"1600.000000":153,"17.172414":30,"17.600000":75,"17.714286":29,"1700.000000":154,"1750.000000":193,"18.296296":28,"18.333333":74,"18.923077":27,"1800.000000":155,"19.130435":73,"19.600000":26,"1900.000000":156,"2.000000":207,"20.000000":72,"20.333333":25,"20.952381":71,"200.000000":139,"2000.000000":157,"21.130435":24,"2100.000000":167,"22.000000":23,"22.952381":22,"220.000000":53,"2200.000000":158,"222.000000":3,"2250.000000":187,"23.157895":70,"24.000000":21,"24.444444":69,"2400.000000":159,"2450.000000":200,"25.157895":20,"25.882353":68,"250.000000":191,"2500.000000":194,"26.444444":19,"2600.000000":160,"27.500000":67,"27.882353":18,"2700.000000":168,"2750.000000":195,"2800.000000":161,"29.333333":66,"29.500000":17,"3.000000":208,"300.000000":140,"3000.000000":162,"31.333333":16,"31.428571":65,"3150.000000":201,"3200.000000":163,"3250.000000":196,"33.428571":15,"33.846154":64,"3300.000000":169,"3400.000000":164,"35.846154":14,"350.000000":198,"3500.000000":197,"36.666667":63,"3600.000000":165,"3750.000000":188,"38.666667":13,"3800.000000":166,"3900.000000":170,"4.000000":209,"40.000000":62,"400.000000":141,"4000.000000":177,"42.000000":12,"4200.000000":171,"44.000000":61,"440.000000":52,"4400.000000":178,"442.000000":2,"450.000000":203,"4500.000000":172,"46.000000":11,"48.888889":60,"4800.000000":173,"5.000000":210,"50.000000":205,"50.888889":10,"500.000000":142,"5100.000000":174,"5200.000000":179,"5250.000000":189,"5400.000000":175,"55.000000":59,"5600.000000":180,"57.000000":9,"5700.000000":176,"6.000000":211,"6.470588":118,"6.567164":117,"6.666667":116,"6.769231":115,"6.875000":114,"6.984127":113,"600.000000":143,"6000.000000":181,"62.857143":58,"64.857143":8,"6400.000000":182,"6750.000000":190,"6800.000000":183,"7.000000":212,"7.096774":112,"7.213115":111,"7.333333":110,"7.457627":109,"7.586207":108,"7.719298":107,"7.857143":106,"700.000000":144,"7200.000000":184,"73.333333":57,"75.333333":7,"750.000000":186,"7600.000000":185,"8.000000":105,"8.148148":104,"8.301887":103,"8.461538":102,"8.470588":136,"8.567164":135,"8.627451":101,"8.666667":134,"8.769231":133,"8.800000":100,"8.875000":132,"8.979592":99,"8.984127":131,"800.000000":145,"88.000000":56,"9.000000":213,"9.096774":130,"9.166667":98,"9.213115":129,"9.333333":128,"9.361702":97,"9.457627":127,"9.565217":96,"9.586207":126,"9.719298":125,"9.777778":95,"9.857143":124,"90.000000":6,"900.000000":146,"^":0},"freq_mat":{"0":{"1":3,"137":22,"206":1},"1":{"2":2,"52":1},"10":{"11":2},"100":{"52":1},"101":{"52":1},"102":{"52":1},"103":{"52":1},"104":{"52":1},"105":{"141":1,"157":1,"213":3,"52":1},"106":{"52":1},"107":{"52":1},"108":{"52":1},"109":{"52":1},"11":{"12":2},"110":{"52":1},"111":{"52":1},"112":{"52":1},"113":{"52":1},"114":{"52":1},"115":{"52":1},"116":{"52":1},"117":{"52":1},"118":{"52":1},"119":{"120":1},"12":{"13":2},"120":{"121":1},"121":{"122":1},"122":{"123":1},"123":{"94":1},"124":{"125":1},"125":{"126":1},"126":{"127":1},"127":{"128":1},"128":{"129":1},"129":{"130":1},"13":{"14":2},"130":{"131":1},"131":{"132":1},"132":{"133":1},"133":{"134":1},"134":{"135":1},"135":{"136":1},"136":{"51":1},"137":{"137":11,"138":2,"139":2,"140":1,"141":3,"186":2,"191":2,"198":2,"202":1,"205":1,"206":5,"51":1},"138":{"139":2,"202":1,"208":1},"139":{"140":2,"141":2,"191":1,"210":1},"14":{"15":2},"140":{"141":2,"143":1,"198":1,"203":1,"212":1},"141":{"142":2,"143":2,"145":3,"203":1,"213":1},"142":{"143":2,"186":2,"208":1},"143":{"144":2,"145":2,"146":1,"186":1},"144":{"145":2,"199":2},"145":{"146":2,"147":2,"149":3},"146":{"147":1,"149":1,"199":1,"51":1},"147":{"148":1,"149":2,"192":2,"210":1},"148":{"149":1},"149":{"150":1,"151":2,"152":1,"153":3,"204":1},"15":{"16":2},"150":{"151":1},"151":{"152":1,"153":2,"193":1,"51":1},"152":{"153":1,"155":1,"187":2,"193":2,"212":1},"153":{"154":1,"155":2,"157":3},"154":{"155":1},"155":{"156":1,"157":1,"167":1,"51":1},"156":{"51":1},"157":{"158":1,"159":3,"187":2,"213":1},"158":{"159":1},"159":{"160":1,"161":3,"168":1},"16":{"17":2},"160":{"161":1},"161":{"162":1,"163":3,"201":1},"162":{"163":1,"169":1,"188":2,"196":1},"163":{"164":1,"165":3},"164":{"165":1},"165":{"166":1,"170":1,"177":1,"51":2},"166":{"51":1},"167":{"159":1,"200":1},"168":{"162":1},"169":{"165":1},"17":{"18":2},"170":{"171":1},"171":{"172":1},"172":{"173":1,"189":2},"173":{"174":1,"179":1},"174":{"175":1},"175":{"176":1},"176":{"51":1},"177":{"178":1},"178":{"173":1},"179":{"180":1},"18":{"19":2},"180":{"181":1},"181":{"182":1,"190":2},"182":{"183":1},"183":{"184":1},"184":{"185":1},"185":{"51":1},"186":{"146":1,"147":2,"152":2,"209":1},"187":{"162":2,"194":1,"51":2},"188":{"172":2},"189":{"181":2},"19":{"20":2},"190":{"51":2},"191":{"140":1,"142":2,"207":1,"211":1},"192":{"152":2,"211":1},"193":{"105":1,"157":2,"167":1},"194":{"195":1},"195":{"162":1},"196":{"197":1},"197":{"51":1},"198":{"105":1,"141":1,"144":2},"199":{"149":1,"151":2},"2":{"3":2},"20":{"21":2},"200":{"161":1},"201":{"51":1},"202":{"139":1,"140":1,"209":1},"203":{"143":1,"51":2},"204":{"51":1},"205":{"138":1,"207":1},"206":{"191":1,"205":1,"207":4},"207":{"138":1,"142":1,"208":4},"208":{"186":1,"202":1,"209":4},"209":{"139":1,"147":1,"210":3,"51":1},"21":{"22":2},"210":{"191":1,"192":1,"211":3},"211":{"140":1,"152":1,"212":3},"212":{"105":3,"193":1,"198":1},"213":{"187":1,"203":1,"51":3},"22":{"23":2},"23":{"24":2,"52":1},"24":{"25":2},"25":{"26":2},"26":{"27":2},"27":{"28":2},"28":{"29":2},"29":{"30":2},"3":{"4":2},"30":{"31":2},"31":{"32":2},"32":{"33":2},"33":{"34":2},"34":{"35":2},"35":{"36":2},"36":{"37":2},"37":{"38":2},"38":{"39":2},"39":{"40":2},"4":{"5":2},"40":{"41":2},"41":{"42":2},"42":{"43":2},"43":{"44":2},"44":{"45":2},"45":{"46":2},"46":{"47":2},"47":{"48":2},"48":{"49":2},"49":{"50":2},"5":{"6":2},"50":{"119":1,"51":1},"52":{"100":1,"101":1,"102":1,"103":1,"104":1,"105":1,"106":1,"107":1,"108":1,"109":1,"110":1,"111":1,"112":1,"113":1,"114":1,"115":1,"116":1,"117":1,"118":1,"23":1,"51":1,"52":2,"53":1,"54":1,"55":1,"56":1,"57":1,"58":1,"59":1,"60":1,"61":1,"62":1,"63":1,"64":1,"65":1,"66":1,"67":1,"68":1,"69":1,"70":1,"71":1,"72":1,"73":1,"74":1,"75":1,"76":1,"77":1,"78":1,"79":1,"80":1,"81":1,"82":1,"83":1,"84":1,"85":1,"86":1,"87":1,"88":1,"89":1,"90":1,"91":1,"92":1,"93":1,"94":1,"95":1,"96":1,"97":1,"98":1,"99":1},"53":{"52":1},"54":{"52":1},"55":{"52":1},"56":{"52":1},"57":{"52":1},"58":{"52":1},"59":{"52":1},"6":{"7":2},"60":{"52":1},"61":{"52":1},"62":{"52":1},"63":{"52":1},"64":{"52":1},"65":{"52":1},"66":{"52":1},"67":{"52":1},"68":{"52":1},"69":{"52":1},"7":{"8":2},"70":{"52":1},"71":{"52":1},"72":{"52":1},"73":{"52":1},"74":{"52":1},"75":{"52":1},"76":{"52":1},"77":{"52":1},"78":{"52":1},"79":{"52":1},"8":{"9":2},"80":{"52":1},"81":{"52":1},"82":{"52":1},"83":{"52":1},"84":{"52":1},"85":{"52":1},"86":{"52":1},"87":{"52":1},"88":{"52":1},"89":{"52":1},"9":{"10":2},"90":{"52":1},"91":{"52":1},"92":{"52":1},"93":{"52":1},"94":{"124":1,"52":1},"95":{"52":1},"96":{"52":1},"97":{"52":1},"98":{"52":1},"99":{"52":1}}}