{"int":2,"spool_map":{"$":3,"1000.000000 0.025000 44000 0.500000":1,"1000.000000 0.025000 44000 0.500000_$":4,"10400.000000 0.001250 8800 0.000000":152,"10400.000000 0.001250 8800 0.000000_$":154,"10450.000000 0.001250 8800 0.400000":230,"10450.000000 0.001250 8800 0.400000_$":232,"1050.000000 0.025000 44000 0.600000":173,"1050.000000 0.025000 44000 0.600000_$":175,"1100.000000 0.025000 44000 0.600000":77,"1100.000000 0.025000 44000 0.600000_$":79,"1100.000000 0.025000 44000 1.000000":29,"1100.000000 0.025000 44000 1.000000_$":31,"11000.000000 0.001250 8800 0.500000":17,"11000.000000 0.001250 8800 0.500000_$":19,"11550.000000 0.001250 8800 0.600000":233,"11550.000000 0.001250 8800 0.600000_$":235,"11700.000000 0.001250 8800 0.000000":62,"11700.000000 0.001250 8800 0.000000_$":64,"11700.000000 0.001250 8800 0.400000":146,"11700.000000 0.001250 8800 0.400000_$":148,"11900.000000 0.001250 8800 0.000000":257,"11900.000000 0.001250 8800 0.000000_$":259,"1200.000000 0.025000 44000 1.000000":83,"1200.000000 0.025000 44000 1.000000_$":85,"12100.000000 0.001250 8800 0.600000":137,"12100.000000 0.001250 8800 0.600000_$":139,"12100.000000 0.001250 8800 1.000000":59,"12100.000000 0.001250 8800 1.000000_$":61,"12350.000000 0.001250 8800 0.400000":239,"12350.000000 0.001250 8800 0.400000_$":241,"1300.000000 0.025000 44000 1.000000":179,"1300.000000 0.025000 44000 1.000000_$":181,"13000.000000 0.001250 8800 0.500000":20,"13000.000000 0.001250 8800 0.500000_$":22,"13200.000000 0.001250 8800 1.000000":143,"13200.000000 0.001250 8800 1.000000_$":145,"13300.000000 0.001250 8800 0.000000":260,"13300.000000 0.001250 8800 0.000000_$":262,"13600.000000 0.001250 8800 0.000000":161,"13600.000000 0.001250 8800 0.000000_$":163,"13650.000000 0.001250 8800 0.600000":242,"13650.000000 0.001250 8800 0.600000_$":244,"1400.000000 0.001250 8800 0.000000":188,"1400.000000 0.001250 8800 0.000000_$":190,"14300.000000 0.001250 8800 0.600000":149,"14300.000000 0.001250 8800 0.600000_$":151,"14300.000000 0.001250 8800 1.000000":65,"14300.000000 0.001250 8800 1.000000_$":67,"15200.000000 0.001250 8800 0.000000":167,"15200.000000 0.001250 8800 0.000000_$":169,"15300.000000 0.001250 8800 0.000000":68,"15300.000000 0.001250 8800 0.000000_$":70,"15300.000000 0.001250 8800 0.400000":158,"15300.000000 0.001250 8800 0.400000_$":160,"15600.000000 0.001250 8800 1.000000":155,"15600.000000 0.001250 8800 1.000000_$":157,"1600.000000 0.001250 8800 0.000000":92,"1600.000000 0.001250 8800 0.000000_$":94,"16100.000000 0.001250 8800 0.000000":263,"16100.000000 0.001250 8800 0.000000_$":265,"16150.000000 0.001250 8800 0.400000":251,"16150.000000 0.001250 8800 0.400000_$":253,"16900.000000 0.001250 8800 1.000000":248,"16900.000000 0.001250 8800 1.000000_$":250,"17000.000000 0.001250 8800 0.500000":23,"17000.000000 0.001250 8800 0.500000_$":25,"17100.000000 0.001250 8800 0.000000":71,"17100.000000 0.001250 8800 0.000000_$":73,"17100.000000 0.001250 8800 0.400000":164,"17100.000000 0.001250 8800 0.400000_$":166,"17850.000000 0.001250 8800 0.600000":254,"17850.000000 0.001250 8800 0.600000_$":256,"1800.000000 0.001250 8800 0.000000":32,"1800.000000 0.001250 8800 0.000000_$":34,"1800.000000 0.001250 8800 0.400000":86,"1800.000000 0.001250 8800 0.400000_$":88,"1900.000000 0.001250 8800 0.400000":182,"1900.000000 0.001250 8800 0.400000_$":184,"2000.000000 0.001250 8800 0.500000":5,"2000.000000 0.001250 8800 0.500000_$":7,"2100.000000 0.001250 8800 0.000000":200,"2100.000000 0.001250 8800 0.000000_$":202,"2100.000000 0.001250 8800 0.600000":185,"2100.000000 0.001250 8800 0.600000_$":187,"2200.000000 0.001250 8800 0.600000":89,"2200.000000 0.001250 8800 0.600000_$":91,"2200.000000 0.001250 8800 1.000000":35,"2200.000000 0.001250 8800 1.000000_$":37,"2400.000000 0.001250 8800 0.000000":104,"2400.000000 0.001250 8800 0.000000_$":106,"2400.000000 0.001250 8800 1.000000":95,"2400.000000 0.001250 8800 1.000000_$":97,"2600.000000 0.001250 8800 1.000000":191,"2600.000000 0.001250 8800 1.000000_$":193,"2700.000000 0.001250 8800 0.000000":38,"2700.000000 0.001250 8800 0.000000_$":40,"2700.000000 0.001250 8800 0.400000":98,"2700.000000 0.001250 8800 0.400000_$":100,"2850.000000 0.001250 8800 0.400000":194,"2850.000000 0.001250 8800 0.400000_$":196,"3000.000000 0.001250 8800 0.500000":8,"3000.000000 0.001250 8800 0.500000_$":10,"3150.000000 0.001250 8800 0.600000":197,"3150.000000 0.001250 8800 0.600000_$":199,"3300.000000 0.001250 8800 0.600000":101,"3300.000000 0.001250 8800 0.600000_$":103,"3300.000000 0.001250 8800 1.000000":41,"3300.000000 0.001250 8800 1.000000_$":43,"3500.000000 0.001250 8800 0.000000":212,"3500.000000 0.001250 8800 0.000000_$":214,"3600.000000 0.001250 8800 1.000000":107,"3600.000000 0.001250 8800 1.000000_$":109,"3900.000000 0.001250 8800 1.000000":203,"3900.000000 0.001250 8800 1.000000_$":205,"4000.000000 0.001250 8800 0.000000":116,"4000.000000 0.001250 8800 0.000000_$":118,"4500.000000 0.001250 8800 0.000000":44,"4500.000000 0.001250 8800 0.000000_$":46,"4500.000000 0.001250 8800 0.400000":110,"4500.000000 0.001250 8800 0.400000_$":112,"4750.000000 0.001250 8800 0.400000":206,"4750.000000 0.001250 8800 0.400000_$":208,"4900.000000 0.001250 8800 0.000000":224,"4900.000000 0.001250 8800 0.000000_$":226,"5000.000000 0.001250 8800 0.500000":11,"5000.000000 0.001250 8800 0.500000_$":13,"5250.000000 0.001250 8800 0.600000":209,"5250.000000 0.001250 8800 0.600000_$":211,"5500.000000 0.001250 8800 0.600000":113,"5500.000000 0.001250 8800 0.600000_$":115,"5500.000000 0.001250 8800 1.000000":47,"5500.000000 0.001250 8800 1.000000_$":49,"5600.000000 0.001250 8800 0.000000":128,"5600.000000 0.001250 8800 0.000000_$":130,"6000.000000 0.001250 8800 1.000000":119,"6000.000000 0.001250 8800 1.000000_$":121,"6300.000000 0.001250 8800 0.000000":50,"6300.000000 0.001250 8800 0.000000_$":52,"6300.000000 0.001250 8800 0.400000":122,"6300.000000 0.001250 8800 0.400000_$":124,"6500.000000 0.001250 8800 1.000000":215,"6500.000000 0.001250 8800 1.000000_$":217,"6650.000000 0.001250 8800 0.400000":218,"6650.000000 0.001250 8800 0.400000_$":220,"700.000000 0.025000 44000 0.000000":176,"700.000000 0.025000 44000 0.000000_$":178,"7000.000000 0.001250 8800 0.500000":14,"7000.000000 0.001250 8800 0.500000_$":16,"7350.000000 0.001250 8800 0.600000":221,"7350.000000 0.001250 8800 0.600000_$":223,"7700.000000 0.001250 8800 0.000000":236,"7700.000000 0.001250 8800 0.000000_$":238,"7700.000000 0.001250 8800 0.600000":125,"7700.000000 0.001250 8800 0.600000_$":127,"7700.000000 0.001250 8800 1.000000":53,"7700.000000 0.001250 8800 1.000000_$":55,"800.000000 0.025000 44000 0.000000":80,"800.000000 0.025000 44000 0.000000_$":82,"8400.000000 0.001250 8800 1.000000":131,"8400.000000 0.001250 8800 1.000000_$":133,"8800.000000 0.001250 8800 0.000000":140,"8800.000000 0.001250 8800 0.000000_$":142,"900.000000 0.025000 44000 0.000000":26,"900.000000 0.025000 44000 0.000000_$":28,"900.000000 0.025000 44000 0.400000":74,"900.000000 0.025000 44000 0.400000_$":76,"9100.000000 0.001250 8800 0.000000":245,"9100.000000 0.001250 8800 0.000000_$":247,"9100.000000 0.001250 8800 1.000000":227,"9100.000000 0.001250 8800 1.000000_$":229,"950.000000 0.025000 44000 0.400000":170,"950.000000 0.025000 44000 0.400000_$":172,"9900.000000 0.001250 8800 0.000000":56,"9900.000000 0.001250 8800 0.000000_$":58,"9900.000000 0.001250 8800 0.400000":134,"9900.000000 0.001250 8800 0.400000_$":136,"^_1000.000000 0.025000 44000 0.500000":2,"^_10400.000000 0.001250 8800 0.000000":153,"^_10450.000000 0.001250 8800 0.400000":231,"^_1050.000000 0.025000 44000 0.600000":174,"^_1100.000000 0.025000 44000 0.600000":78,"^_1100.000000 0.025000 44000 1.000000":30,"^_11000.000000 0.001250 8800 0.500000":18,"^_11550.000000 0.001250 8800 0.600000":234,"^_11700.000000 0.001250 8800 0.000000":63,"^_11700.000000 0.001250 8800 0.400000":147,"^_11900.000000 0.001250 8800 0.000000":258,"^_1200.000000 0.025000 44000 1.000000":84,"^_12100.000000 0.001250 8800 0.600000":138,