{"int":2,"spool_map":{"$":3,"500.000000 0.005000 30 0.020000":149,"500.000000 0.005000 30 0.020000_$":151,"500.000000 0.010000 15 0.040000":146,"500.000000 0.010000 15 0.040000_$":148,"500.000000 0.010000 30 0.040000":152,"500.000000 0.010000 30 0.040000_$":154,"500.000000 0.015000 15 0.060000":143,"500.000000 0.015000 15 0.060000_$":145,"500.000000 0.015000 30 0.060000":155,"500.000000 0.015000 30 0.060000_$":157,"500.000000 0.020000 15 0.080000":140,"500.000000 0.020000 15 0.080000_$":142,"500.000000 0.020000 30 0.080000":158,"500.000000 0.020000 30 0.080000_$":160,"500.000000 0.025000 15 0.100000":137,"500.000000 0.025000 15 0.100000_$":139,"500.000000 0.025000 30 0.100000":161,"500.000000 0.025000 30 0.100000_$":163,"500.000000 0.030000 15 0.120000":134,"500.000000 0.030000 15 0.120000_$":136,"500.000000 0.030000 30 0.120000":164,"500.000000 0.030000 30 0.120000_$":166,"500.000000 0.035000 15 0.140000":131,"500.000000 0.035000 15 0.140000_$":133,"500.000000 0.035000 30 0.140000":167,"500.000000 0.035000 30 0.140000_$":169,"500.000000 0.040000 15 0.160000":128,"500.000000 0.040000 15 0.160000_$":130,"500.000000 0.040000 30 0.160000":170,"500.000000 0.040000 30 0.160000_$":172,"500.000000 0.045000 15 0.180000":125,"500.000000 0.045000 15 0.180000_$":127,"500.000000 0.045000 30 0.180000":173,"500.000000 0.045000 30 0.180000_$":175,"500.000000 0.050000 15 0.200000":122,"500.000000 0.050000 15 0.200000_$":124,"500.000000 0.050000 30 0.200000":176,"500.000000 0.050000 30 0.200000_$":178,"500.000000 0.055000 15 0.220000":119,"500.000000 0.055000 15 0.220000_$":121,"500.000000 0.055000 30 0.220000":179,"500.000000 0.055000 30 0.220000_$":181,"500.000000 0.060000 15 0.240000":116,"500.000000 0.060000 15 0.240000_$":118,"500.000000 0.060000 30 0.240000":182,"500.000000 0.060000 30 0.240000_$":184,"500.000000 0.065000 15 0.260000":113,"500.000000 0.065000 15 0.260000_$":115,"500.000000 0.065000 30 0.260000":185,"500.000000 0.065000 30 0.260000_$":187,"500.000000 0.070000 15 0.280000":110,"500.000000 0.070000 15 0.280000_$":112,"500.000000 0.070000 30 0.280000":188,"500.000000 0.070000 30 0.280000_$":190,"500.000000 0.075000 15 0.300000":107,"500.000000 0.075000 15 0.300000_$":109,"500.000000 0.075000 30 0.300000":191,"500.000000 0.075000 30 0.300000_$":193,"500.000000 0.080000 15 0.320000":104,"500.000000 0.080000 15 0.320000_$":106,"500.000000 0.080000 30 0.320000":194,"500.000000 0.080000 30 0.320000_$":196,"500.000000 0.085000 15 0.340000":101,"500.000000 0.085000 15 0.340000_$":103,"500.000000 0.085000 30 0.340000":197,"500.000000 0.085000 30 0.340000_$":199,"500.000000 0.090000 15 0.360000":98,"500.000000 0.090000 15 0.360000_$":100,"500.000000 0.090000 30 0.360000":200,"500.000000 0.090000 30 0.360000_$":202,"500.000000 0.095000 15 0.380000":95,"500.000000 0.095000 15 0.380000_$":97,"500.000000 0.095000 30 0.380000":203,"500.000000 0.095000 30 0.380000_$":205,"500.000000 0.100000 15 0.400000":92,"500.000000 0.100000 15 0.400000_$":94,"500.000000 0.100000 30 0.400000":206,"500.000000 0.100000 30 0.400000_$":208,"500.000000 0.105000 15 0.420000":89,"500.000000 0.105000 15 0.420000_$":91,"500.000000 0.105000 30 0.420000":209,"500.000000 0.105000 30 0.420000_$":211,"500.000000 0.110000 15 0.440000":86,"500.000000 0.110000 15 0.440000_$":88,"500.000000 0.110000 30 0.440000":212,"500.000000 0.110000 30 0.440000_$":214,"500.000000 0.115000 15 0.460000":83,"500.000000 0.115000 15 0.460000_$":85,"500.000000 0.115000 30 0.460000":215,"500.000000 0.115000 30 0.460000_$":217,"500.000000 0.120000 15 0.480000":80,"500.000000 0.120000 15 0.480000_$":82,"500.000000 0.120000 30 0.480000":218,"500.000000 0.120000 30 0.480000_$":220,"500.000000 0.125000 15 0.500000":77,"500.000000 0.125000 15 0.500000_$":79,"500.000000 0.125000 30 0.500000":221,"500.000000 0.125000 30 0.500000_$":223,"500.000000 0.130000 15 0.520000":74,"500.000000 0.130000 15 0.520000_$":76,"500.000000 0.130000 30 0.520000":224,"500.000000 0.130000 30 0.520000_$":226,"500.000000 0.135000 15 0.540000":71,"500.000000 0.135000 15 0.540000_$":73,"500.000000 0.135000 30 0.540000":227,"500.000000 0.135000 30 0.540000_$":229,"500.000000 0.140000 15 0.560000":68,"500.000000 0.140000 15 0.560000_$":70,"500.000000 0.140000 30 0.560000":230,"500.000000 0.140000 30 0.560000_$":232,"500.000000 0.145000 15 0.580000":65,"500.000000 0.145000 15 0.580000_$":67,"500.000000 0.145000 30 0.580000":233,"500.000000 0.145000 30 0.580000_$":235,"500.000000 0.150000 15 0.600000":62,"500.000000 0.150000 15 0.600000_$":64,"500.000000 0.150000 30 0.600000":236,"500.000000 0.150000 30 0.600000_$":238,"500.000000 0.155000 15 0.620000":59,"500.000000 0.155000 15 0.620000_$":61,"500.000000 0.155000 30 0.620000":239,"500.000000 0.155000 30 0.620000_$":241,"500.000000 0.160000 15 0.640000":56,"500.000000 0.160000 15 0.640000_$":58,"500.000000 0.160000 30 0.640000":242,"500.000000 0.160000 30 0.640000_$":244,"500.000000 0.165000 15 0.660000":53,"500.000000 0.165000 15 0.660000_$":55,"500.000000 0.165000 30 0.660000":245,"500.000000 0.165000 30 0.660000_$":247,"500.000000 0.170000 15 0.680000":50,"500.000000 0.170000 15 0.680000_$":52,"500.000000 0.170000 30 0.680000":248,"500.000000 0.170000 30 0.680000_$":250,"500.000000 0.175000 15 0.700000":47,"500.000000 0.175000 15 0.700000_$":49,"500.000000 0.175000 30 0.700000":251,"500.000000 0.175000 30 0.700000_$":253,"500.000000 0.180000 15 0.720000":44,"500.000000 0.180000 15 0.720000_$":46,"500.000000 0.180000 30 0.720000":254,"500.000000 0.180000 30 0.720000_$":256,"500.000000 0.185000 15 0.740000":41,"500.000000 0.185000 15 0.740000_$":43,"500.000000 0.185000 30 0.740000":257,"500.000000 0.185000 30 0.740000_$":259,"500.000000 0.190000 15 0.760000":38,"500.000000 0.190000 15 0.760000_$":40,"500.000000 0.190000 30 0.760000":260,"500.000000 0.190000 30 0.760000_$":262,"500.000000 0.195000 15 0.780000":35,"500.000000 0.195000 15 0.780000_$":37,"500.000000 0.195000 30 0.780000":263,"500.000000 0.195000 30 0.780000_$":265,"500.000000 0.200000 15 0.800000":32,"500.000000 0.200000 15 0.800000_$":34,"500.000000 0.200000 30 0.800000":266,"500.000000 0.200000 30 0.800000_$":268,"500.000000 0.205000 15 0.820000":29,"500.000000 0.205000 15 0.820000_$":31,"500.000000 0.205000 30 0.820000":269,"500.000000 0.205000 30 0.820000_$":271,"500.000000 0.210000 15 0.840000":26,"500.000000 0.210000 15 0.840000_$":28,"500.000000 0.210000 30 0.840000":272,"500.000000 0.210000 30 0.840000_$":274,"500.000000 0.215000 15 0.860000":23,"500.000000 0.215000 15 0.860000_$":25,"500.000000 0.215000 30 0.860000":275,"500.000000 0.215000 30 0.860000_$":277,"500.000000 0.220000 15 0.880000":20,"500.000000 0.220000 15 0.880000_$":22,"500.000000 0.220000 30 0.880000":278,"500.000000 0.220000 30 0.880000_$":280,"500.000000 0.225000 15 0.900000":17,"500.000000 0.225000 15 0.900000_$":19,"500.000000 0.225000 30 0.900000":281,"500.000000 0.225000 30 0.900000_$":283,"500.000000 0.230000 15 0.920000":14,"500.000000 0.230000 15 0.920000_$":16,"500.000000 0.230000 30 0.920000":284,"500.000000 0.230000 30 0.920000_$":286,"500.000000 0.235000 15 0.940000":11,"500.000000 0.235000 15 0.940000_$":13,"500.000000 0.235000 30 0.940000":287,"500.000000 0.235000 30 0.940000_$":289,"500.000000 0.240000 15 0.960000":8,"500.000000 0.240000 15 0.960000_$":10,"500.000000 0.240000 30 0.960000":290,"500.000000 0.240000 30 0.960000_$":292,"500.000000 0.245000 15 0.980000":5,"500.000000 0.245000 15 0.980000_$":7,"500.000000 0.245000 30 0.980000":293,"500.000000 0.245000 30 0.980000_$":295,"800.000000 0.000000 30 0.000000":1,"800.000000 0.000000 30 0.000000_$":4,"^_500.000000 0.005000 30 0.020000":150,"^_500.000000 0.010000 15 0.040000":147,"^_500.000000 0.010000 30 0.040000":153,"^_500.000000 0.015000 15 0.060000":144,"^_500.000000 0.015000 30 0.060000":156,"^_500.000000 0.020000 15 0.080000":141,"^_500.000000 0.020000 30 0.080000":159,"^_500.000000 0.025000 15 0.100000":138,"^_500.000000 0.025000 30 0.100000":162,